--20160913 Jimmy_logcontents

insert into T_00_010 (C001, C002, C003, C004, C005, C006, C007, C008, C009, C010, C011, C012, C013, C014, C015, C016, C017, C018, C019, C020)
values ('265', '261', '4', '1', 'voiceserver.png', '1', '1', '1', '1024', N'日志内容异常参数', null, null, null, null, null, null, null, null, null, 'LogContent');

insert into T_00_010 (C001, C002, C003, C004, C005, C006, C007, C008, C009, C010, C011, C012, C013, C014, C015, C016, C017, C018, C019, C020)
values ('266', '265', '1', '1', 'voiceserver.png', '1', '1', '1', '1024', N'内容匹配参数', null, null, null, null, null, null, null, null, null, 'ContentMatch');

insert into T_00_011 (C001, C002, C003, C004, C005, C006, C010, C011, C012, C013, C014, C015, C016, C017, C018, C019, C020)
values ('261', '6', '0', '6', '1', 'voiceservers.png', N'日志内容异常', '2', null, '265', '0', '1024', null, null, null, null, 'LogContents');

insert into T_00_009 (C001, C002, C003, C004, C005, C006, C007, C008, C009, C010, C011, C012, C013, C014, C015, C016, C017, C018, C019, C020, C021, C022, C023, C024, C025, C026, C027, C028, C029, C030)
values ('265', '2', '2', '1', null, '0', '0', '2', '0', '0', null, null, null, null, null, '2016-1-26', '1020000000000000001', 'ID', '0', 'ID', null, null, null, null, null, null, null, null, null, null);

insert into T_00_009 (C001, C002, C003, C004, C005, C006, C007, C008, C009, C010, C011, C012, C013, C014, C015, C016, C017, C018, C019, C020, C021, C022, C023, C024, C025, C026, C027, C028, C029, C030)
values ('265', '11', '14', '1', null, '100', '0', '11', null, '0', null, null, null, null, null, '2016-1-26', '1020000000000000001', 'FileNameRegex', '0', 'FileNameRegex', null, null, null, null, null, null, null, null, null, null);

insert into T_00_009 (C001, C002, C003, C004, C005, C006, C007, C008, C009, C010, C011, C012, C013, C014, C015, C016, C017, C018, C019, C020, C021, C022, C023, C024, C025, C026, C027, C028, C029, C030)
values ('265', '12', '14', '1', null, '100', '0', '12', null, '0', null, null, null, null, null, '2016-1-26', '1020000000000000001', 'RelativePath', '0', 'RelativePath', null, null, null, null, null, null, null, null, null, null);

insert into T_00_009 (C001, C002, C003, C004, C005, C006, C007, C008, C009, C010, C011, C012, C013, C014, C015, C016, C017, C018, C019, C020, C021, C022, C023, C024, C025, C026, C027, C028, C029, C030)
values ('265', '921', '2', '0', null, '0', '0', '921', '0', '0', null, null, null, null, null, '2016-1-26', '1020000000000000001', 'Key (2)', '0', 'Key', null, null, null, null, null, null, null, null, null, null);

insert into T_00_011 (C001, C002, C003, C004, C005, C006, C010, C011, C012, C013, C014, C015, C016, C017, C018, C019, C020)
values ('265', '1', '0', '1', '1', 'voiceservers.png', N'内容匹配', '2', null, '266', '0', '1024', null, null, null, null, 'ContentMatch');

insert into T_00_009 (C001, C002, C003, C004, C005, C006, C007, C008, C009, C010, C011, C012, C013, C014, C015, C016, C017, C018, C019, C020, C021, C022, C023, C024, C025, C026, C027, C028, C029, C030)
values ('266', '2', '2', '1', null, '0', '0', '2', '0', '0', null, null, null, null, null, '2016-1-26', '1020000000000000001', 'ID', '0', 'ID', null, null, null, null, null, null, null, null, null, null);

insert into T_00_009 (C001, C002, C003, C004, C005, C006, C007, C008, C009, C010, C011, C012, C013, C014, C015, C016, C017, C018, C019, C020, C021, C022, C023, C024, C025, C026, C027, C028, C029, C030)
values ('265', '3', '2', '0', null, '0', '0', '3', '0', '0', null, null, null, null, null, '2016-1-26', '1020000000000000001', 'ParentID', '0', null, null, null, null, null, null, null, null, null, null, null);

insert into T_00_009 (C001, C002, C003, C004, C005, C006, C007, C008, C009, C010, C011, C012, C013, C014, C015, C016, C017, C018, C019, C020, C021, C022, C023, C024, C025, C026, C027, C028, C029, C030)
values ('266', '11', '2', '1', null, '300', '0', '11', '1', '111011016', null, null, null, null, null, '2016-1-26', '1020000000000000001', 'Level', '0', 'Level', null, null, null, null, null, null, null, null, null, null);

insert into T_00_009 (C001, C002, C003, C004, C005, C006, C007, C008, C009, C010, C011, C012, C013, C014, C015, C016, C017, C018, C019, C020, C021, C022, C023, C024, C025, C026, C027, C028, C029, C030)
values ('266', '12', '14', '1', null, '100', '0', '12', null, '0', null, null, null, null, null, '2016-1-26', '1020000000000000001', 'Content', '0', 'Content', null, null, null, null, null, null, null, null, null, null);

insert into T_00_009 (C001, C002, C003, C004, C005, C006, C007, C008, C009, C010, C011, C012, C013, C014, C015, C016, C017, C018, C019, C020, C021, C022, C023, C024, C025, C026, C027, C028, C029, C030)
values ('266', '13', '14', '1', null, '100', '0', '13', null, '0', null, null, null, null, null, '2016-1-26', '1020000000000000001', 'Regex', '0', 'Regex', null, null, null, null, null, null, null, null, null, null);

insert into T_00_009 (C001, C002, C003, C004, C005, C006, C007, C008, C009, C010, C011, C012, C013, C014, C015, C016, C017, C018, C019, C020, C021, C022, C023, C024, C025, C026, C027, C028, C029, C030)
values ('266', '921', '2', '0', null, '0', '0', '921', '0', '0', null, null, null, null, null, '2016-1-26', '1020000000000000001', 'Key (2)', '0', 'Key', null, null, null, null, null, null, null, null, null, null);

insert into T_00_009 (C001, C002, C003, C004, C005, C006, C007, C008, C009, C010, C011, C012, C013, C014, C015, C016, C017, C018, C019, C020, C021, C022, C023, C024, C025, C026, C027, C028, C029, C030)
values ('265', '1', '2', '0', null, '0', '0', '1', '0', '0', null, null, null, null, null,'2016-1-26', '1020000000000000001', 'LogContent', '0', null, null, null, null, null, null, null, null, null, null, null);

insert into T_00_009 (C001, C002, C003, C004, C005, C006, C007, C008, C009, C010, C011, C012, C013, C014, C015, C016, C017, C018, C019, C020, C021, C022, C023, C024, C025, C026, C027, C028, C029, C030)
values ('266', '1', '2', '0', null, '0', '0', '1', '0', '0', null, null, null, null, null,'2016-1-26', '1020000000000000001', 'ContentMatch', '0', null, null, null, null, null, null, null, null, null, null, null);

insert into T_00_009 (C001, C002, C003, C004, C005, C006, C007, C008, C009, C010, C011, C012, C013, C014, C015, C016, C017, C018, C019, C020, C021, C022, C023, C024, C025, C026, C027, C028, C029, C030)
values ('266', '3', '2', '0', null, '0', '0', '3', '0', '0', null, null, null, null, null,'2016-1-26', '1020000000000000001', 'ParentID', '0', null, null, null, null, null, null, null, null, null, null, null);




insert into T_11_003_00000 (C001, C002, C003, C004, C005, C006, C007, C008, C009, C010, C011, C012, C013, C014, C015, C016, C017, C018, C019, C020)
values ('11', '1110265', '1110', '30', '0', '98B77485478D3EEE90C881AE1A670E21905674AB966F3959E59C73A760C0C1AEA803042B213C2034F1D4E2963ED39DF0D51FA15EAFF5C34D4822DA126F1FFDB8', null, null, 'UMPS1110.xbap', 'LogContent', 'm', 'n', 'Images/voiceserver.png', null, null, '0', null, null, null, null);

insert into T_11_003_00000 (C001, C002, C003, C004, C005, C006, C007, C008, C009, C010, C011, C012, C013, C014, C015, C016, C017, C018, C019, C020)
values ('11', '111026500', '1110265', '0', '0', '64BAA1754D8CE0A7C86D0F9EC1CEB91F6A3503B6B27D584A970118076BCAF0FC39CB40F853D9D58A1F0484D8C0568266265F3DE8E34FC763FF74A903901F9ACE', null, null, 'UMPS1110.xbap', 'view', 'm', 'n', 'Images/view.png', null, null, '0', null, null, null, null);

insert into T_11_003_00000 (C001, C002, C003, C004, C005, C006, C007, C008, C009, C010, C011, C012, C013, C014, C015, C016, C017, C018, C019, C020)
values ('11', '111026502', '1110265', '2', '0', '64BAA1754D8CE0A7C86D0F9EC1CEB91F23FC25417BAA2FB09FE1CBBD9451F6A2C2ED047AC56FADC854795700963C47B5738421FF1FDB2C03743CE9889584761D', null, null, 'UMPS1110.xbap', 'modify', 'm', 'n', 'Images/modify.png', null, null, '0', null, null, null, null);

insert into T_11_003_00000 (C001, C002, C003, C004, C005, C006, C007, C008, C009, C010, C011, C012, C013, C014, C015, C016, C017, C018, C019, C020)
values ('11', '111026506', '1110265', '6', '0', '64BAA1754D8CE0A7C86D0F9EC1CEB91FCE1A60D967F19E91D1D9A85879B28EEA66881F11D27FFB8C4F4FA13F114F4F75D935DB3B25D8A4C7E88E0A15905CE9E1', null, null, 'UMPS1110.xbap', 'add', 'm', 'n', 'Images/add.png', null, null, '0', null, null, null, null);

insert into T_11_003_00000 (C001, C002, C003, C004, C005, C006, C007, C008, C009, C010, C011, C012, C013, C014, C015, C016, C017, C018, C019, C020)
values ('11', '111026507', '1110265', '7', '0', '64BAA1754D8CE0A7C86D0F9EC1CEB91F9EB2041DDF42BDA847BC4A18BC9E9E159D4369DC8E639C6BBA3B797F468615998CEC8E044AEC9C1EDA23B05C47929F3A', null, null, 'UMPS1110.xbap', 'delete', 'm', 'n', 'Images/delete.png', null, null, '0', null, null, null, null);

insert into T_11_003_00000 (C001, C002, C003, C004, C005, C006, C007, C008, C009, C010, C011, C012, C013, C014, C015, C016, C017, C018, C019, C020)
values ('11', '111026508', '1110265', '8', '0', '64BAA1754D8CE0A7C86D0F9EC1CEB91FB2E395EA24576DBACF66683A5EA18E5FE1D026368A372A0217BB86D3392CE9D8D1D973BF5B818FCB597AE5F63555BB01', null, null, 'UMPS1110.xbap', 'save', 'm', 'n', 'Images/save.png', null, null, '0', null, null, null, null);

insert into T_11_003_00000 (C001, C002, C003, C004, C005, C006, C007, C008, C009, C010, C011, C012, C013, C014, C015, C016, C017, C018, C019, C020)
values ('11', '111026599', '1110265', '99', '0', '64BAA1754D8CE0A7C86D0F9EC1CEB91F60651EB367471F9798104063EA6267F1C607B954FC8FA23EB0345CCEE87F7D9912DBA58EE7A74C5BF51A81A988D82EFB', null, null, 'UMPS1110.xbap', 'check', 'm', 'n', 'Images/check.png', null, null, '0', null, null, null, null);

insert into T_11_003_00000 (C001, C002, C003, C004, C005, C006, C007, C008, C009, C010, C011, C012, C013, C014, C015, C016, C017, C018, C019, C020)
values ('11', '1110266', '1110', '30', '0', '98B77485478D3EEE90C881AE1A670E21D93C4F20CC8CA28C2E8E42F4D409EFC524C88019B9B507B8A53CD9E8102F7903A9039FC7DEC4AF83B355E76AD10463A0', null, null, 'UMPS1110.xbap', 'ContentMatch', 'm', 'n', 'Images/voiceserver.png', null, null, '0', null, null, null, null);

insert into T_11_003_00000 (C001, C002, C003, C004, C005, C006, C007, C008, C009, C010, C011, C012, C013, C014, C015, C016, C017, C018, C019, C020)
values ('11', '111026600', '1110266', '0', '0', '1E944C35550A2C1953954FFF2AE5A68F0DEBFC4517A1FC6D0BD6E184173E43FBA3B1DBD3475EF16B52F3A6CD2349FAA49E49CCF78DEB9F6B76EFC6D27BF4C302', null, null, 'UMPS1110.xbap', 'view', 'm', 'n', 'Images/view.png', null, null, '0', null, null, null, null);

insert into T_11_003_00000 (C001, C002, C003, C004, C005, C006, C007, C008, C009, C010, C011, C012, C013, C014, C015, C016, C017, C018, C019, C020)
values ('11', '111026602', '1110266', '2', '0', '1E944C35550A2C1953954FFF2AE5A68F02D10C262C1626E3B024EC4B90BCD6CF3505E2D71D8B16D9F7549F4F04F0F6A890E8AC24287BECFF41507C310DF41F67', null, null, 'UMPS1110.xbap', 'modify', 'm', 'n', 'Images/modify.png', null, null, '0', null, null, null, null);

insert into T_11_003_00000 (C001, C002, C003, C004, C005, C006, C007, C008, C009, C010, C011, C012, C013, C014, C015, C016, C017, C018, C019, C020)
values ('11', '111026606', '1110266', '6', '0', '1E944C35550A2C1953954FFF2AE5A68F4D8DF075E330AF5539055ED27ECB4B909D9E72D2FD14C868ADB11AF8D826A33C2653842EE87F3EB9F5F7F2F7E754974F', null, null, 'UMPS1110.xbap', 'add', 'm', 'n', 'Images/add.png', null, null, '0', null, null, null, null);

insert into T_11_003_00000 (C001, C002, C003, C004, C005, C006, C007, C008, C009, C010, C011, C012, C013, C014, C015, C016, C017, C018, C019, C020)
values ('11', '111026607', '1110266', '7', '0', '1E944C35550A2C1953954FFF2AE5A68F91C96146A21B5FEB0A7072B7007A4794F7550077D60E36E2C1B7D7937028EBB03408A186C442CEE351F2B017D6E703E5', null, null, 'UMPS1110.xbap', 'delete', 'm', 'n', 'Images/delete.png', null, null, '0', null, null, null, null);

insert into T_11_003_00000 (C001, C002, C003, C004, C005, C006, C007, C008, C009, C010, C011, C012, C013, C014, C015, C016, C017, C018, C019, C020)
values ('11', '111026608', '1110266', '8', '0', '1E944C35550A2C1953954FFF2AE5A68FDD7ABE2C723A0FEE847ECC5AFDEBACA2CEBA3D808F32399156DF88D653BBFC7E17AE7CA05BD8812D48D95F6E40A8B18D', null, null, 'UMPS1110.xbap', 'save', 'm', 'n', 'Images/save.png', null, null, '0', null, null, null, null);

insert into T_11_003_00000 (C001, C002, C003, C004, C005, C006, C007, C008, C009, C010, C011, C012, C013, C014, C015, C016, C017, C018, C019, C020)
values ('11', '111026699', '1110266', '99', '0', '1E944C35550A2C1953954FFF2AE5A68F4F0FD290302CD260BF945B5D7D929FE05855858D4E8216A6D3BDD600AC288B6D9E8D3A6DCB2187ED616D97D8E81C3F68', null, null, 'UMPS1110.xbap', 'check', 'm', 'n', 'Images/check.png', null, null, '0', null, null, null, null);


insert into T_11_202_00000 (C001, C002, C003, C004, C005, C006, C007, C008, C009, C010, C011, C012, C013, C014, C015, C016, C017, C018, C019, C020)
values ('1020000000000000001', '111026502', '1', '1', '1', '1020000000000000001', '2014-1-1', '2014-1-1', '2199-12-31', null, null, null, null, null, null, null, null, null, null, null);

insert into T_11_202_00000 (C001, C002, C003, C004, C005, C006, C007, C008, C009, C010, C011, C012, C013, C014, C015, C016, C017, C018, C019, C020)
values ('1020000000000000001', '111026500', '1', '1', '1', '1020000000000000001', '2014-1-1', '2014-1-1', '2199-12-31', null, null, null, null, null, null, null, null, null, null, null);

insert into T_11_202_00000 (C001, C002, C003, C004, C005, C006, C007, C008, C009, C010, C011, C012, C013, C014, C015, C016, C017, C018, C019, C020)
values ('1060000000000000001', '1110265', '1', '1', '1', '1020000000000000001', '2014-1-1', '2014-1-1', '2199-12-31', null, null, null, null, null, null, null, null, null, null, null);

insert into T_11_202_00000 (C001, C002, C003, C004, C005, C006, C007, C008, C009, C010, C011, C012, C013, C014, C015, C016, C017, C018, C019, C020)
values ('1020000000000000001', '1110265', '1', '1', '1', '1020000000000000001', '2014-1-1', '2014-1-1', '2199-12-31', null, null, null, null, null, null, null, null, null, null, null);

insert into T_11_202_00000 (C001, C002, C003, C004, C005, C006, C007, C008, C009, C010, C011, C012, C013, C014, C015, C016, C017, C018, C019, C020)
values ('1060000000000000001', '111026506', '1', '1', '1', '1020000000000000001', '2014-1-1', '2014-1-1', '2199-12-31', null, null, null, null, null, null, null, null, null, null, null);

insert into T_11_202_00000 (C001, C002, C003, C004, C005, C006, C007, C008, C009, C010, C011, C012, C013, C014, C015, C016, C017, C018, C019, C020)
values ('1060000000000000001', '111026502', '1', '1', '1', '1020000000000000001', '2014-1-1', '2014-1-1', '2199-12-31', null, null, null, null, null, null, null, null, null, null, null);

insert into T_11_202_00000 (C001, C002, C003, C004, C005, C006, C007, C008, C009, C010, C011, C012, C013, C014, C015, C016, C017, C018, C019, C020)
values ('1060000000000000001', '111026500', '1', '1', '1', '1020000000000000001', '2014-1-1', '2014-1-1', '2199-12-31', null, null, null, null, null, null, null, null, null, null, null);

insert into T_11_202_00000 (C001, C002, C003, C004, C005, C006, C007, C008, C009, C010, C011, C012, C013, C014, C015, C016, C017, C018, C019, C020)
values ('1020000000000000001', '111026599', '1', '1', '1', '1020000000000000001', '2014-1-1', '2014-1-1', '2199-12-31', null, null, null, null, null, null, null, null, null, null, null);

insert into T_11_202_00000 (C001, C002, C003, C004, C005, C006, C007, C008, C009, C010, C011, C012, C013, C014, C015, C016, C017, C018, C019, C020)
values ('1020000000000000001', '111026508', '1', '1', '1', '1020000000000000001', '2014-1-1', '2014-1-1', '2199-12-31', null, null, null, null, null, null, null, null, null, null, null);

insert into T_11_202_00000 (C001, C002, C003, C004, C005, C006, C007, C008, C009, C010, C011, C012, C013, C014, C015, C016, C017, C018, C019, C020)
values ('1020000000000000001', '111026507', '1', '1', '1', '1020000000000000001', '2014-1-1', '2014-1-1', '2199-12-31', null, null, null, null, null, null, null, null, null, null, null);

insert into T_11_202_00000 (C001, C002, C003, C004, C005, C006, C007, C008, C009, C010, C011, C012, C013, C014, C015, C016, C017, C018, C019, C020)
values ('1020000000000000001', '111026506', '1', '1', '1', '1020000000000000001', '2014-1-1', '2014-1-1', '2199-12-31', null, null, null, null, null, null, null, null, null, null, null);

insert into T_11_202_00000 (C001, C002, C003, C004, C005, C006, C007, C008, C009, C010, C011, C012, C013, C014, C015, C016, C017, C018, C019, C020)
values ('1060000000000000001', '111026599', '1', '1', '1', '1020000000000000001', '2014-1-1', '2014-1-1', '2199-12-31', null, null, null, null, null, null, null, null, null, null, null);

insert into T_11_202_00000 (C001, C002, C003, C004, C005, C006, C007, C008, C009, C010, C011, C012, C013, C014, C015, C016, C017, C018, C019, C020)
values ('1060000000000000001', '111026508', '1', '1', '1', '1020000000000000001', '2014-1-1', '2014-1-1', '2199-12-31', null, null, null, null, null, null, null, null, null, null, null);

insert into T_11_202_00000 (C001, C002, C003, C004, C005, C006, C007, C008, C009, C010, C011, C012, C013, C014, C015, C016, C017, C018, C019, C020)
values ('1060000000000000001', '111026507', '1', '1', '1', '1020000000000000001', '2014-1-1', '2014-1-1', '2199-12-31', null, null, null, null, null, null, null, null, null, null, null);


insert into T_11_202_00000 (C001, C002, C003, C004, C005, C006, C007, C008, C009, C010, C011, C012, C013, C014, C015, C016, C017, C018, C019, C020)
values ('1060000000000000001', '1110266', '1', '1', '1', '1020000000000000001', '2014-1-1', '2014-1-1', '2199-12-31', null, null, null, null, null, null, null, null, null, null, null);

insert into T_11_202_00000 (C001, C002, C003, C004, C005, C006, C007, C008, C009, C010, C011, C012, C013, C014, C015, C016, C017, C018, C019, C020)
values ('1020000000000000001', '1110266', '1', '1', '1', '1020000000000000001', '2014-1-1', '2014-1-1', '2199-12-31', null, null, null, null, null, null, null, null, null, null, null);

insert into T_11_202_00000 (C001, C002, C003, C004, C005, C006, C007, C008, C009, C010, C011, C012, C013, C014, C015, C016, C017, C018, C019, C020)
values ('1060000000000000001', '111026606', '1', '1', '1', '1020000000000000001', '2014-1-1', '2014-1-1', '2199-12-31', null, null, null, null, null, null, null, null, null, null, null);

insert into T_11_202_00000 (C001, C002, C003, C004, C005, C006, C007, C008, C009, C010, C011, C012, C013, C014, C015, C016, C017, C018, C019, C020)
values ('1060000000000000001', '111026602', '1', '1', '1', '1020000000000000001', '2014-1-1', '2014-1-1', '2199-12-31', null, null, null, null, null, null, null, null, null, null, null);

insert into T_11_202_00000 (C001, C002, C003, C004, C005, C006, C007, C008, C009, C010, C011, C012, C013, C014, C015, C016, C017, C018, C019, C020)
values ('1060000000000000001', '111026600', '1', '1', '1', '1020000000000000001', '2014-1-1', '2014-1-1', '2199-12-31', null, null, null, null, null, null, null, null, null, null, null);

insert into T_11_202_00000 (C001, C002, C003, C004, C005, C006, C007, C008, C009, C010, C011, C012, C013, C014, C015, C016, C017, C018, C019, C020)
values ('1020000000000000001', '111026699', '1', '1', '1', '1020000000000000001', '2014-1-1', '2014-1-1', '2199-12-31', null, null, null, null, null, null, null, null, null, null, null);

insert into T_11_202_00000 (C001, C002, C003, C004, C005, C006, C007, C008, C009, C010, C011, C012, C013, C014, C015, C016, C017, C018, C019, C020)
values ('1020000000000000001', '111026608', '1', '1', '1', '1020000000000000001', '2014-1-1', '2014-1-1', '2199-12-31', null, null, null, null, null, null, null, null, null, null, null);

insert into T_11_202_00000 (C001, C002, C003, C004, C005, C006, C007, C008, C009, C010, C011, C012, C013, C014, C015, C016, C017, C018, C019, C020)
values ('1020000000000000001', '111026607', '1', '1', '1', '1020000000000000001', '2014-1-1', '2014-1-1', '2199-12-31', null, null, null, null, null, null, null, null, null, null, null);

insert into T_11_202_00000 (C001, C002, C003, C004, C005, C006, C007, C008, C009, C010, C011, C012, C013, C014, C015, C016, C017, C018, C019, C020)
values ('1020000000000000001', '111026606', '1', '1', '1', '1020000000000000001', '2014-1-1', '2014-1-1', '2199-12-31', null, null, null, null, null, null, null, null, null, null, null);

insert into T_11_202_00000 (C001, C002, C003, C004, C005, C006, C007, C008, C009, C010, C011, C012, C013, C014, C015, C016, C017, C018, C019, C020)
values ('1020000000000000001', '111026602', '1', '1', '1', '1020000000000000001', '2014-1-1', '2014-1-1', '2199-12-31', null, null, null, null, null, null, null, null, null, null, null);

insert into T_11_202_00000 (C001, C002, C003, C004, C005, C006, C007, C008, C009, C010, C011, C012, C013, C014, C015, C016, C017, C018, C019, C020)
values ('1020000000000000001', '111026600', '1', '1', '1', '1020000000000000001', '2014-1-1', '2014-1-1', '2199-12-31', null, null, null, null, null, null, null, null, null, null, null);

insert into T_11_202_00000 (C001, C002, C003, C004, C005, C006, C007, C008, C009, C010, C011, C012, C013, C014, C015, C016, C017, C018, C019, C020)
values ('1060000000000000001', '111026699', '1', '1', '1', '1020000000000000001', '2014-1-1', '2014-1-1', '2199-12-31', null, null, null, null, null, null, null, null, null, null, null);

insert into T_11_202_00000 (C001, C002, C003, C004, C005, C006, C007, C008, C009, C010, C011, C012, C013, C014, C015, C016, C017, C018, C019, C020)
values ('1060000000000000001', '111026608', '1', '1', '1', '1020000000000000001', '2014-1-1', '2014-1-1', '2199-12-31', null, null, null, null, null, null, null, null, null, null, null);

insert into T_11_202_00000 (C001, C002, C003, C004, C005, C006, C007, C008, C009, C010, C011, C012, C013, C014, C015, C016, C017, C018, C019, C020)
values ('1060000000000000001', '111026607', '1', '1', '1', '1020000000000000001', '2014-1-1', '2014-1-1', '2199-12-31', null, null, null, null, null, null, null, null, null, null, null);


insert into T_00_003 (C001, C002, C003, C004, C005, C006, C007)
values ('111011016', '0', '0', '1', '0', '1', N'低');

insert into T_00_003 (C001, C002, C003, C004, C005, C006, C007)
values ('111011016', '1', '0', '1', '0', '2', N'中');

insert into T_00_003 (C001, C002, C003, C004, C005, C006, C007)
values ('111011016', '2', '0', '1', '0', '3', N'高');
